{"file_hashes":[{"block_hashes":["qpUKr7OB+x0Zcdh9EvB8TlWAwAld0Wvhwmk9yLFb4z4="],"block_size":4096,"path":"data/guide/index.css"},{"block_hashes":["WViEiPNtEqCI4/49vAYJCgzIeITIXgW/TaPVlSU9csU="],"block_size":4096,"path":"data/guide/index.html"},{"block_hashes":["mfFrTFAP0hhHHE1HLOb9wv9eUtzl98KmO9So4gF+zw0="],"block_size":4096,"path":"data/guide/index.js"},{"block_hashes":["o+P9uER68t78piMAoFpzr0O3KPLIl3btuuQStihCdwY="],"block_size":4096,"path":"data/inject/isolated.js"},{"block_hashes":["O8eNulnQDLyuBPrbjXgRgRsv4wn925o9DMHmuhT+zE0=","o7g1rSTCCkxmpr+NpoVP4qI5/VzfTRrLDV0ICssK6gk="],"block_size":4096,"path":"data/inject/main.js"},{"block_hashes":["HZkltNB5JNrRkPgyCqm3F76I0eJv2MrmOqBxBQIaHBs="],"block_size":4096,"path":"data/inject/test.js"},{"block_hashes":["kQSFR0AquQd9fA1vI7+dktUa6E/iAAsXiOevJPT0BpI="],"block_size":4096,"path":"data/options/index.css"},{"block_hashes":["Uq7jWC/2w8FhUKth7+Fc7Aoq4oMhdf9OvDgQdmJKUEo="],"block_size":4096,"path":"data/options/index.html"},{"block_hashes":["mM9KpGQa/yW5M5Lp4LRkG24ejHPN6jj+pkQlAMx5s/E="],"block_size":4096,"path":"data/options/index.js"},{"block_hashes":["uxkSqCmA2G5Hda+WhWutlrbMpyZyPmraCtvOFllgksk=","dtl4Ez6rw/l99S44yGsnGUstxURhAjXtiA+f0HszW4E="],"block_size":4096,"path":"worker.js"}],"version":2}