[
  {
    "id": 1,
    "priority": 1,
    "action": {
      "type": "modifyHeaders",
      "requestHeaders": [
        {
          "header": "origin",
          "operation": "set",
          "value": "https://tongyi.aliyun.com"
        },
        {
          "header": "referer",
          "operation": "set",
          "value": "https://tongyi.aliyun.com/"
        }
      ]
    },
    "condition": {
      "requestDomains": ["qianwen.aliyun.com", "qianwen.biz.aliyun.com"],
      "resourceTypes": ["xmlhttprequest"]
    }
  }
]
